epoch,time,train/box_loss,train/cls_loss,train/dfl_loss,metrics/precision(B),metrics/recall(B),metrics/mAP50(B),metrics/mAP50-95(B),val/box_loss,val/cls_loss,val/dfl_loss,lr/pg0,lr/pg1,lr/pg2
1,3031.17,0.37348,4.17332,0.84488,0.16834,0.24024,0.14323,0.13978,0.27044,3.2703,0.81189,3.49365e-05,3.49365e-05,3.49365e-05
2,5887.39,0.3289,2.64323,0.84859,0.68435,0.77043,0.82644,0.80982,0.25595,1.57259,0.81163,6.85517e-05,6.85517e-05,6.85517e-05
3,8822.87,0.30832,1.52243,0.83721,0.9062,0.92885,0.97064,0.95555,0.23743,0.9762,0.80029,0.000100781,0.000100781,0.000100781
4,2563.01,0.30784,1.27512,0.83403,0.95521,0.97035,0.98618,0.97318,0.23407,0.73421,0.7926,9.8763e-05,9.8763e-05,9.8763e-05
5,5898.6,0.28897,0.99128,0.82761,0.98166,0.98479,0.99362,0.98075,0.23005,0.63972,0.78934,9.6684e-05,9.6684e-05,9.6684e-05
